{
    "akiec": {
        "precision": 0.0,
        "recall": 0.0,
        "f1-score": 0.0,
        "support": 4.0
    },
    "bcc": {
        "precision": 0.5,
        "recall": 0.2,
        "f1-score": 0.2857142857142857,
        "support": 5.0
    },
    "bkl": {
        "precision": 0.24,
        "recall": 0.5,
        "f1-score": 0.32432432432432434,
        "support": 12.0
    },
    "df": {
        "precision": 0.0,
        "recall": 0.0,
        "f1-score": 0.0,
        "support": 2.0
    },
    "mel": {
        "precision": 0.0,
        "recall": 0.0,
        "f1-score": 0.0,
        "support": 11.0
    },
    "nv": {
        "precision": 0.7945205479452054,
        "recall": 0.8923076923076924,
        "f1-score": 0.8405797101449275,
        "support": 65.0
    },
    "vasc": {
        "precision": 0.0,
        "recall": 0.0,
        "f1-score": 0.0,
        "support": 1.0
    },
    "accuracy": 0.65,
    "macro avg": {
        "precision": 0.21921722113502934,
        "recall": 0.2274725274725275,
        "f1-score": 0.2072311885976482,
        "support": 100.0
    },
    "weighted avg": {
        "precision": 0.5702383561643836,
        "recall": 0.65,
        "f1-score": 0.5995814447988361,
        "support": 100.0
    }
}