{
    "epochs": [
        1,
        2
    ],
    "train_loss": [
        3.799217071533203,
        1.4604733800888061
    ],
    "train_acc": [
        0.3825,
        0.64375
    ],
    "val_loss": [
        1.8616675567626952,
        1.3196228456497192
    ],
    "val_acc": [
        0.63,
        0.65
    ]
}