{
    "epochs": [
        1,
        2
    ],
    "train_loss": [
        1.1004470443725587,
        0.8166242897510528
    ],
    "train_acc": [
        0.64125,
        0.7125
    ],
    "val_loss": [
        0.8557268691062927,
        0.8612791466712951
    ],
    "val_acc": [
        0.67,
        0.73
    ]
}