{
    "accuracy": 0.10234648027958063,
    "precision": 0.4111745801475817,
    "recall": 0.10234648027958063,
    "f1_score": 0.14060334313227427,
    "confusion_matrix": [
        [
            1,
            8,
            0,
            27,
            12,
            10,
            7
        ],
        [
            6,
            12,
            0,
            42,
            10,
            25,
            8
        ],
        [
            6,
            39,
            1,
            78,
            29,
            35,
            32
        ],
        [
            3,
            3,
            0,
            13,
            3,
            1,
            0
        ],
        [
            16,
            40,
            2,
            81,
            30,
            40,
            14
        ],
        [
            78,
            298,
            1,
            608,
            193,
            148,
            15
        ],
        [
            2,
            7,
            0,
            9,
            1,
            9,
            0
        ]
    ],
    "classification_report": {
        "akiec": {
            "precision": 0.008928571428571428,
            "recall": 0.015384615384615385,
            "f1-score": 0.011299435028248588,
            "support": 65.0
        },
        "bcc": {
            "precision": 0.029484029484029485,
            "recall": 0.11650485436893204,
            "f1-score": 0.047058823529411764,
            "support": 103.0
        },
        "bkl": {
            "precision": 0.25,
            "recall": 0.004545454545454545,
            "f1-score": 0.008928571428571428,
            "support": 220.0
        },
        "df": {
            "precision": 0.015151515151515152,
            "recall": 0.5652173913043478,
            "f1-score": 0.029511918274687854,
            "support": 23.0
        },
        "mel": {
            "precision": 0.1079136690647482,
            "recall": 0.13452914798206278,
            "f1-score": 0.11976047904191617,
            "support": 223.0
        },
        "nv": {
            "precision": 0.5522388059701493,
            "recall": 0.11036539895600299,
            "f1-score": 0.18396519577377252,
            "support": 1341.0
        },
        "vasc": {
            "precision": 0.0,
            "recall": 0.0,
            "f1-score": 0.0,
            "support": 28.0
        },
        "accuracy": 0.10234648027958063,
        "macro avg": {
            "precision": 0.1376737987284305,
            "recall": 0.13522098036305935,
            "f1-score": 0.05721777472522976,
            "support": 2003.0
        },
        "weighted avg": {
            "precision": 0.4111745801475817,
            "recall": 0.10234648027958063,
            "f1-score": 0.14060334313227427,
            "support": 2003.0
        }
    }
}