{
    "accuracy": 0.9076385421867199,
    "precision": 0.9075005409970538,
    "recall": 0.9076385421867199,
    "f1_score": 0.9064266501066071,
    "confusion_matrix": [
        [
            53,
            6,
            1,
            1,
            2,
            2,
            0
        ],
        [
            5,
            87,
            5,
            0,
            4,
            2,
            0
        ],
        [
            7,
            8,
            179,
            0,
            6,
            20,
            0
        ],
        [
            2,
            2,
            1,
            17,
            0,
            1,
            0
        ],
        [
            8,
            3,
            16,
            0,
            155,
            40,
            1
        ],
        [
            3,
            4,
            11,
            0,
            20,
            1303,
            0
        ],
        [
            0,
            1,
            1,
            0,
            1,
            1,
            24
        ]
    ],
    "classification_report": {
        "akiec": {
            "precision": 0.6794871794871795,
            "recall": 0.8153846153846154,
            "f1-score": 0.7412587412587412,
            "support": 65.0
        },
        "bcc": {
            "precision": 0.7837837837837838,
            "recall": 0.8446601941747572,
            "f1-score": 0.8130841121495327,
            "support": 103.0
        },
        "bkl": {
            "precision": 0.8364485981308412,
            "recall": 0.8136363636363636,
            "f1-score": 0.8248847926267281,
            "support": 220.0
        },
        "df": {
            "precision": 0.9444444444444444,
            "recall": 0.7391304347826086,
            "f1-score": 0.8292682926829268,
            "support": 23.0
        },
        "mel": {
            "precision": 0.824468085106383,
            "recall": 0.695067264573991,
            "f1-score": 0.754257907542579,
            "support": 223.0
        },
        "nv": {
            "precision": 0.9517896274653032,
            "recall": 0.9716629381058911,
            "f1-score": 0.9616236162361623,
            "support": 1341.0
        },
        "vasc": {
            "precision": 0.96,
            "recall": 0.8571428571428571,
            "f1-score": 0.9056603773584906,
            "support": 28.0
        },
        "accuracy": 0.9076385421867199,
        "macro avg": {
            "precision": 0.8543459597739907,
            "recall": 0.8195263811144404,
            "f1-score": 0.8328625485507372,
            "support": 2003.0
        },
        "weighted avg": {
            "precision": 0.9075005409970538,
            "recall": 0.9076385421867199,
            "f1-score": 0.9064266501066071,
            "support": 2003.0
        }
    }
}