{
    "akiec": {
        "precision": 0.6,
        "recall": 0.75,
        "f1-score": 0.6666666666666666,
        "support": 32.0
    },
    "bcc": {
        "precision": 0.8444444444444444,
        "recall": 0.7307692307692307,
        "f1-score": 0.7835051546391752,
        "support": 52.0
    },
    "bkl": {
        "precision": 0.7755102040816326,
        "recall": 0.6909090909090909,
        "f1-score": 0.7307692307692307,
        "support": 110.0
    },
    "df": {
        "precision": 0.9,
        "recall": 0.8181818181818182,
        "f1-score": 0.8571428571428571,
        "support": 11.0
    },
    "mel": {
        "precision": 0.7252747252747253,
        "recall": 0.5892857142857143,
        "f1-score": 0.6502463054187192,
        "support": 112.0
    },
    "nv": {
        "precision": 0.9276595744680851,
        "recall": 0.9746646795827124,
        "f1-score": 0.9505813953488372,
        "support": 671.0
    },
    "vasc": {
        "precision": 1.0,
        "recall": 0.9285714285714286,
        "f1-score": 0.9629629629629629,
        "support": 14.0
    },
    "accuracy": 0.8782435129740519,
    "macro avg": {
        "precision": 0.8246984211812697,
        "recall": 0.7831974231857136,
        "f1-score": 0.8002677961354927,
        "support": 1002.0
    },
    "weighted avg": {
        "precision": 0.8742590591406637,
        "recall": 0.8782435129740519,
        "f1-score": 0.8742893933684682,
        "support": 1002.0
    }
}