{
    "akiec": {
        "precision": 0.5,
        "recall": 0.25,
        "f1-score": 0.3333333333333333,
        "support": 4.0
    },
    "bcc": {
        "precision": 0.375,
        "recall": 0.6,
        "f1-score": 0.46153846153846156,
        "support": 5.0
    },
    "bkl": {
        "precision": 0.25,
        "recall": 0.25,
        "f1-score": 0.25,
        "support": 12.0
    },
    "df": {
        "precision": 0.0,
        "recall": 0.0,
        "f1-score": 0.0,
        "support": 2.0
    },
    "mel": {
        "precision": 0.3888888888888889,
        "recall": 0.6363636363636364,
        "f1-score": 0.4827586206896552,
        "support": 11.0
    },
    "nv": {
        "precision": 0.8983050847457628,
        "recall": 0.8153846153846154,
        "f1-score": 0.8548387096774194,
        "support": 65.0
    },
    "vasc": {
        "precision": 1.0,
        "recall": 1.0,
        "f1-score": 1.0,
        "support": 1.0
    },
    "accuracy": 0.68,
    "macro avg": {
        "precision": 0.4874562819478073,
        "recall": 0.5073926073926074,
        "f1-score": 0.4832098750341242,
        "support": 100.0
    },
    "weighted avg": {
        "precision": 0.7054260828625236,
        "recall": 0.68,
        "f1-score": 0.6851588659764412,
        "support": 100.0
    }
}