{
    "epochs": [
        1,
        2,
        3,
        4,
        5,
        6,
        7,
        8,
        9,
        10
    ],
    "train_loss": [
        0.6720718016222127,
        0.39064024768944566,
        0.21665438424927916,
        0.11761998499572068,
        0.08056892147934026,
        0.06282319646645793,
        0.048386973326563595,
        0.00952142408594298,
        0.000718665596975792,
        0.0004162559560284749
    ],
    "train_acc": [
        0.7576135796305542,
        0.8584623065401897,
        0.9217423864203694,
        0.957938092860709,
        0.9719171243135297,
        0.9794058911632552,
        0.9831502745881179,
        0.9968796804792811,
        1.0,
        1.0
    ],
    "val_loss": [
        0.5955233419691766,
        0.4597480039556067,
        0.45851479948579255,
        0.6779930689237216,
        0.6810755078847354,
        0.6509613404859911,
        0.7512565957797276,
        0.6374184936433882,
        0.6527242477123554,
        0.6677191973208905
    ],
    "val_acc": [
        0.7982017982017982,
        0.8461538461538461,
        0.8491508491508492,
        0.8321678321678322,
        0.8351648351648352,
        0.8421578421578422,
        0.8421578421578422,
        0.8671328671328671,
        0.8681318681318682,
        0.8681318681318682
    ]
}