{
    "epochs": [
        1,
        2,
        3
    ],
    "train_loss": [
        1.0901050925254823,
        0.8166027510166168,
        0.5525814068317413
    ],
    "train_acc": [
        0.62625,
        0.7075,
        0.80625
    ],
    "val_loss": [
        0.9092762660980225,
        0.7470184934139251,
        0.7755931186676025
    ],
    "val_acc": [
        0.68,
        0.76,
        0.73
    ]
}